,z,y,x,intensity,volume
0,4.53638,7.50859,12.3567,9676503,400.889
1,5.86734, 15.55,24.3788,8453787,346.861
2,8.19179,14.956,5.96631,7099096,310.866
3,11.6638,8.94773,24.3989,7492307,306.201
4,11.7366,23.3868,18.3938,10646163,423.237
