,z,y,x,intensity,volume
0,4.12837,8.99739,22.7936,52116200,386.137
1,5.39434,9.13497,5.70064,58583123,425.073
2,8.78641,23.5344,13.725,68976660,437.376
3,9.6266,25.9694,22.5897,62095154,399.671
4,13.0691,8.19072,24.9813,51723497,379.058
