,z,y,x,intensity,volume
0,4.49209,16.4848,16.8851,59656816,391.442
1,6.67887,13.4834,7.94256,79226775,432.047
2,6.72049,4.19692,7.56582,46366887,339.499
3,8.75222,20.5794,23.129,69988885,415.118
4,11.352,12.8607,15.6254,58401392,363.23
