,z,y,x,intensity,volume
0,5.03306,13.3898,19.2415,8896845,357.329
1,7.55975,9.32475,5.78811,9339608,363.501
2,8.48606,19.0688,11.9325,9516543,337.263
3,13.675,14.0501,20.6756,9032482,356.628
4,13.9473,15.6232,6.35494,5444408,230.874
